<?xml version = "1.0" encoding = "utf-8"?>
<!DOCTYPE hibernate-mapping PUBLIC 
"-//Hibernate/Hibernate Mapping DTD//EN"
"http://www.hibernate.org/dtd/hibernate-mapping-3.0.dtd"> 

<hibernate-mapping>
   <class name = "com.model.Register" table = "register">
      
      <meta attribute = "class-description">
         This class contains the registration detail. 
      </meta>
      
      <id name = "id" type = "int" column = "id">
         <generator class="native"/>
      </id>
      
      
      <property name = "firstname" column = "firstname" type = "string"/>
      <property name = "lastname" column = "lastname" type = "string"/>
      <property name = "email" column = "email" type = "string"/>
      <property name = "psw" column = "psw" type = "string"/>
     
      
   </class>
</hibernate-mapping>